collection_timestamp,observation_timestamp,stock,event_type,source,source_update,yata_stock,yata_update,prometheus_stock,prometheus_update
2026-09-20T17:16:15.804242+00:00,2026-09-20T17:16:08+00:00,0,baseline,Prometheus,1789924568,0,1789924559,0,1789924568
2026-09-21T14:55:12.670182+00:00,2026-09-21T14:55:17+00:00,3,restock,Prometheus,1790002517,0,1790002496,3,1790002517
2026-09-21T15:04:13.101549+00:00,2026-09-21T15:04:08+00:00,0,stockout,Prometheus,1790003048,0,1790003041,0,1790003048
2026-09-22T18:56:24.831684+00:00,2026-09-22T18:56:17+00:00,2,restock,YATA,1790103377,2,1790103377,2,1790103374
2026-09-22T19:06:09.482321+00:00,2026-09-22T19:06:07+00:00,0,stockout,YATA,1790103967,0,1790103967,0,1790103966
2026-09-23T04:54:04.854282+00:00,2026-09-23T04:54:33+00:00,2,restock,Prometheus,1790139273,2,1790139242,2,1790139273
2026-09-23T05:02:03.876582+00:00,2026-09-23T05:02:11+00:00,0,stockout,Prometheus,1790139731,0,1790139703,0,1790139731
2026-09-23T10:26:08.327924+00:00,2026-09-23T10:26:10+00:00,3,restock,Prometheus,1790159170,0,1790159118,3,1790159170
2026-09-23T10:38:56.830027+00:00,2026-09-23T10:38:50+00:00,0,stockout,Prometheus,1790159930,0,1790159875,0,1790159930
2026-09-23T12:25:46.031531+00:00,2026-09-23T12:25:34+00:00,2,restock,Prometheus,1790166334,3,1790166306,2,1790166334
2026-09-23T12:41:38.059760+00:00,2026-09-23T12:41:20+00:00,0,stockout,Prometheus,1790167280,0,1790167272,0,1790167280
2026-09-24T22:53:53.460207+00:00,2026-09-24T22:53:27+00:00,2,restock,Prometheus,1790290407,3,1790290399,2,1790290407
2026-09-24T23:01:45.735916+00:00,2026-09-24T23:01:48+00:00,0,stockout,Prometheus,1790290908,0,1790290888,0,1790290908
2026-09-25T14:50:12.403605+00:00,2026-09-25T14:50:06+00:00,3,restock,Prometheus,1790347806,0,1790347769,3,1790347806
2026-09-25T14:59:34.585505+00:00,2026-09-25T14:59:24+00:00,0,stockout,Prometheus,1790348364,0,1790348357,0,1790348364
2026-09-25T23:04:42.689993+00:00,2026-09-25T23:04:18+00:00,3,restock,Prometheus,1790377458,3,1790377454,3,1790377458
2026-09-25T23:17:59.070449+00:00,2026-09-25T23:17:49+00:00,0,stockout,Prometheus,1790378269,0,1790378226,0,1790378269
2026-09-27T11:18:39.534584+00:00,2026-09-27T11:18:14+00:00,3,restock,Prometheus,1790507894,0,1790507838,3,1790507894
2026-09-27T11:30:38.356323+00:00,2026-09-27T11:30:40+00:00,0,stockout,Prometheus,1790508640,0,1790508596,0,1790508640
2026-09-27T19:41:01.382035+00:00,2026-09-27T19:40:53+00:00,3,restock,Prometheus,1790538053,3,1790538032,3,1790538053
2026-09-27T19:48:35.720847+00:00,2026-09-27T19:48:26+00:00,0,stockout,YATA,1790538506,0,1790538506,0,1790538506
2026-09-28T21:14:39.495041+00:00,2026-09-28T21:14:59+00:00,3,restock,Prometheus,1790630099,0,1790630080,3,1790630099
2026-09-28T21:28:06.812963+00:00,2026-09-28T21:28:09+00:00,0,stockout,Prometheus,1790630889,0,1790630863,0,1790630889
2026-09-30T01:49:32.450071+00:00,2026-09-30T01:49:26+00:00,3,restock,YATA,1790732966,3,1790732966,3,1790732966
2026-09-30T02:00:14.484186+00:00,2026-09-30T01:59:39+00:00,0,stockout,YATA,1790733579,0,1790733579,0,1790733578
2026-09-30T09:50:59.477376+00:00,2026-09-30T09:50:33+00:00,3,restock,Prometheus,1790761833,3,1790761815,3,1790761833
2026-09-30T10:01:18.384527+00:00,2026-09-30T10:01:09+00:00,0,stockout,Prometheus,1790762469,0,1790762412,0,1790762469
2026-10-01T10:36:57.872599+00:00,2026-10-01T10:36:47+00:00,3,restock,Prometheus,1790851007,3,1790850937,3,1790851007
2026-10-01T10:51:30.470574+00:00,2026-10-01T10:51:24+00:00,0,stockout,YATA,1790851884,0,1790851884,0,1790851884
2026-10-02T07:00:46.773962+00:00,2026-10-02T07:00:39+00:00,1,restock,Prometheus,1790924439,2,1790924407,1,1790924439
2026-10-02T07:18:36.671428+00:00,2026-10-02T07:17:35+00:00,0,stockout,YATA,1790925455,0,1790925455,0,1790925452
2026-10-02T21:32:11.832813+00:00,2026-10-02T21:32:01+00:00,3,restock,YATA,1790976721,3,1790976721,3,1790976719
2026-10-02T21:46:34.659501+00:00,2026-10-02T21:45:54+00:00,0,stockout,Prometheus,1790977554,0,1790977548,0,1790977554
2026-10-05T10:31:28.521753+00:00,2026-10-05T10:31:27+00:00,3,restock,Prometheus,1791196287,0,1791196239,3,1791196287
2026-10-05T10:48:54.305555+00:00,2026-10-05T10:48:08+00:00,0,stockout,Prometheus,1791197288,0,1791197268,0,1791197288
2026-10-05T12:25:10.965230+00:00,2026-10-05T12:24:33+00:00,3,restock,Prometheus,1791203073,3,1791203046,3,1791203073
2026-10-05T12:47:39.905614+00:00,2026-10-05T12:46:20+00:00,0,stockout,Prometheus,1791204380,0,1791204348,0,1791204380
